<?xml version="1.0" encoding="UTF-8"?>
<project-private xmlns="http://www.netbeans.org/ns/project-private/1">
    <editor-bookmarks xmlns="http://www.netbeans.org/ns/editor-bookmarks/2" lastBookmarkId="0"/>
    <open-files xmlns="http://www.netbeans.org/ns/projectui-open-files/2">
        <group>
            <file>file:/Users/hashirahmad/Desktop/Java%20Projects/MyEMS1/src/EditJFrame.java</file>
            <file>file:/Users/hashirahmad/Desktop/Java%20Projects/MyEMS1/src/MainJFrame.java</file>
            <file>file:/Users/hashirahmad/Desktop/Java%20Projects/MyEMS1/src/PTE.java</file>
            <file>file:/Users/hashirahmad/Desktop/Java%20Projects/MyEMS1/src/FTE.java</file>
            <file>file:/Users/hashirahmad/Desktop/Java%20Projects/MyEMS1/src/MyHashTable.java</file>
            <file>file:/Users/hashirahmad/Desktop/Java%20Projects/MyEMS1/src/EmployeeInfo.java</file>
            <file>file:/Users/hashirahmad/Desktop/Java%20Projects/MyEMS1/src/REJFrame.java</file>
            <file>file:/Users/hashirahmad/Desktop/Java%20Projects/MyEMS1/src/DEJFrame.java</file>
            <file>file:/Users/hashirahmad/Desktop/Java%20Projects/MyEMS1/src/ANEJFrame.java</file>
        </group>
    </open-files>
</project-private>
